{
  "method": "saved_mscn_cardinality_cross_dataset_eval_v1",
  "model_root": "external/mscn_cardinality_model_checkpoints",
  "eval_workloads": {
    "job_light": "experiments/paper_results/source_candidate/mscn_cardinality_eval_workloads/rich_eval_job_light",
    "job": "experiments/paper_results/source_candidate/mscn_cardinality_eval_workloads/rich_eval_job",
    "job_complex": "experiments/paper_results/source_candidate/mscn_cardinality_eval_workloads/rich_eval_job_complex"
  },
  "device": "cuda",
  "seeds": [
    "1",
    "2",
    "3"
  ],
  "seed_summaries": {
    "1": {
      "job_light": {
        "count": 70,
        "mean": 131542.82735773202,
        "median": 7.473997042068361,
        "p90": 47217.24551585099,
        "p95": 349085.3222413152,
        "p99": 2988961.553057114,
        "max": 3125841.980971291
      },
      "job": {
        "count": 113,
        "mean": 770.8161830840056,
        "median": 4.240250587463379,
        "p90": 458.08217028184396,
        "p95": 1080.9208136931522,
        "p99": 17223.47841520213,
        "max": 48539.91118588601
      },
      "job_complex": {
        "count": 30,
        "mean": 2873.1522020238203,
        "median": 5.211167573928833,
        "p90": 1458.1531101404146,
        "p95": 6226.311968801535,
        "p99": 53519.61649680324,
        "max": 72042.02669779224
      }
    },
    "2": {
      "job_light": {
        "count": 70,
        "mean": 15260.399567227525,
        "median": 6.824692442353292,
        "p90": 8418.614696790459,
        "p95": 79600.97627865979,
        "p99": 326540.42229406955,
        "max": 383974.8824005572
      },
      "job": {
        "count": 113,
        "mean": 601.1312128606603,
        "median": 5.888050425676947,
        "p90": 681.6811723425808,
        "p95": 2159.515036512904,
        "p99": 15167.135500404855,
        "max": 19133.756486205628
      },
      "job_complex": {
        "count": 30,
        "mean": 3849.626713775437,
        "median": 6.268207788467407,
        "p90": 1002.2675114198438,
        "p95": 4087.2737454492567,
        "p99": 76443.4014203421,
        "max": 105589.1337286646
      }
    },
    "3": {
      "job_light": {
        "count": 70,
        "mean": 16546.08089742211,
        "median": 8.42085132116004,
        "p90": 21813.39888925192,
        "p95": 34343.68284431042,
        "p99": 445064.4242930729,
        "max": 461643.4693046986
      },
      "job": {
        "count": 113,
        "mean": 721.4961239042821,
        "median": 3.66839109148298,
        "p90": 274.79023231838755,
        "p95": 818.2360616030235,
        "p99": 13934.8972631276,
        "max": 53387.15776923118
      },
      "job_complex": {
        "count": 30,
        "mean": 2947.6112630046546,
        "median": 5.216097116470337,
        "p90": 2468.252002493855,
        "p95": 14813.993806689012,
        "p99": 44935.9292667003,
        "max": 57008.39845067617
      }
    }
  }
}
