{
  "method": "saved_mscn_selected_plan_cost_cross_dataset_eval_v1",
  "model_root": "external/mscn_cost_model_checkpoint",
  "eval_workloads": {
    "job_light": "experiments/paper_results/source_candidate/mscn_cost_eval_workloads/rich_eval_job_light",
    "job": "experiments/paper_results/source_candidate/mscn_cost_eval_workloads/rich_eval_job",
    "job_complex": "experiments/paper_results/source_candidate/mscn_cost_eval_workloads/rich_eval_job_complex"
  },
  "device": "cuda",
  "seeds": [
    "1",
    "2",
    "3"
  ],
  "seed_summaries": {
    "1": {
      "job_light": {
        "count": 70,
        "mean": 326.7237557814534,
        "median": 4.831499548541747,
        "p90": 480.1627428096146,
        "p95": 1794.4579431911648,
        "p99": 5852.037131199395,
        "max": 6469.0960169977325
      },
      "job": {
        "count": 113,
        "mean": 76.32704244621034,
        "median": 2.6609241626872637,
        "p90": 109.59393496709038,
        "p95": 285.2514348762702,
        "p99": 589.4627147701398,
        "max": 4860.962272619904
      },
      "job_complex": {
        "count": 30,
        "mean": 11.476872136611565,
        "median": 2.6254522278473846,
        "p90": 30.733898969156765,
        "p95": 65.03448176636994,
        "p99": 96.53566772376665,
        "max": 98.97819902024406
      }
    },
    "2": {
      "job_light": {
        "count": 70,
        "mean": 405.49458935820934,
        "median": 5.776217844313777,
        "p90": 521.9369039079961,
        "p95": 1666.547944287423,
        "p99": 7398.425310026473,
        "max": 13444.810393814987
      },
      "job": {
        "count": 113,
        "mean": 76.66376309934569,
        "median": 2.7838177943476103,
        "p90": 67.97933453848731,
        "p95": 249.2392399113206,
        "p99": 757.9831701963267,
        "max": 5180.357984705583
      },
      "job_complex": {
        "count": 30,
        "mean": 14.233848126631893,
        "median": 2.892798706237996,
        "p90": 28.181354833945356,
        "p95": 62.2261508996167,
        "p99": 137.3729859107448,
        "max": 162.36706978106739
      }
    },
    "3": {
      "job_light": {
        "count": 70,
        "mean": 123.54775855909564,
        "median": 4.967556471250731,
        "p90": 410.46475983038727,
        "p95": 576.2385293522996,
        "p99": 1563.6988278977974,
        "max": 2156.1855047670924
      },
      "job": {
        "count": 113,
        "mean": 93.06008225162222,
        "median": 2.5219516071722228,
        "p90": 103.73163131621311,
        "p95": 238.27806748628583,
        "p99": 784.3761169770288,
        "max": 6481.756083711616
      },
      "job_complex": {
        "count": 30,
        "mean": 12.586108496710933,
        "median": 3.072333694273592,
        "p90": 27.690375454236097,
        "p95": 64.04762279797173,
        "p99": 120.87116105542921,
        "max": 133.93770029463732
      }
    }
  }
}
