workload,n,cost_runtime_pearson,cost_runtime_spearman,log_cost_runtime_pearson,median_cost_to_ms_scale,scaled_q_median,scaled_q_p90,scaled_q_p95,scaled_q_p99,scaled_q_max,raw_cost_vs_ms_q_median,raw_cost_vs_ms_q_p95,raw_cost_vs_ms_q_max
job_light,70,0.9375034489599694,0.8744531966975106,0.9101654618072446,0.003109423752107653,1.7596480592296195,5.712265364396941,12.746272909448129,23.331840810840234,31.752728845758202,235.78381915421764,4099.239578011313,10211.772784019975
job,113,0.09148638177808147,0.15958862523528602,0.12025768337776667,0.013242096272206499,3.0554569613928795,16.629664432978714,136.90054086706706,469.10035073215704,2970.0182792319633,165.83420311665617,658.8873056543891,8427.932367149759
job_complex,30,0.27427411700064014,0.6707466713985172,0.6120415664233677,0.012507891878521487,2.7612613727120534,9.99714609442337,24.2363455949927,49.02932187606137,57.00248695912891,121.88762527760119,715.7971954035684,730.021267233793
